card_id,source
1,public/assets/Images/alp-lightning_bolt-b-s.png
2,public/assets/Images/alp-chain_lightning-b-s.png
3,public/assets/Images/alp-thunderstorm-b-s.png
4,public/assets/Images/alp-apprentice_wizard-b-s.png
5,public/assets/Images/alp-grandmaster_wizard-b-s.png
6,public/assets/Images/alp-blink-b-s.png
7,public/assets/Images/alp-waypoint_portal-b-s.png
8,public/assets/Images/alp-cloud_spirit-b-s.png
9,public/assets/Images/alp-spectral_stalker-b-s.png
10,public/assets/Images/alp-headless_haunt-b-s.png
11,public/assets/Images/alp-snow_leopard-b-s.png
12,public/assets/Images/alp-plumed_pegasus-b-s.png
13,public/assets/Images/alp-gyre_hippogriffs-b-s.png
14,public/assets/Images/alp-spire_lich-b-s.png
15,public/assets/Images/alp-kite_archer-b-s.png
16,public/assets/Images/alp-roaming_monster-b-s.png
17,public/assets/Images/alp-midnight_rogue-b-s.png
18,public/assets/Images/alp-peregrine_apparition-b-s.png
19,public/assets/Images/alp-sling_pixies-b-s.png
20,public/assets/Images/alp-skirmishers_of_mu-b-s.png
21,public/assets/Images/alp-nimbus_jinn-b-s.png
22,public/assets/Images/alp-nightmare-b-s.png
23,public/assets/Images/alp-devils_egg-b-s.png
24,public/assets/Images/alp-doomsday_device-b-s.png
25,public/assets/Images/alp-lone_tower-b-s.png
26,public/assets/Images/alp-dark_tower-b-s.png
27,public/assets/Images/alp-gothic_tower-b-s.png
28,public/assets/Images/alp-updraft_ridge-b-s.png
29,public/assets/Images/alp-mountain_pass-b-s.png
30,public/assets/Images/alp-observatory-b-s.png
31,public/assets/Images/alp-cloud_city-b-s.png
32,public/assets/Images/alp-bottomless_pit-b-s.png
33,public/assets/Images/alp-king_of_the_realm-b-s.png
34,public/assets/Images/alp-queen_of_midland-b-s.png
35,public/assets/Images/alp-midland_army-b-s.png
36,public/assets/Images/alp-land_surveyor-b-s.png
37,public/assets/Images/alp-house_arn_bannerman-b-s.png
38,public/assets/Images/alp-scent_hounds-b-s.png
39,public/assets/Images/alp-belmotte_longbowmen-b-s.png
40,public/assets/Images/alp-frontier_settlers-b-s.png
41,public/assets/Images/alp-wild_boars-b-s.png
42,public/assets/Images/alp-amazon_warriors-b-s.png
43,public/assets/Images/alp-autumn_unicorn-b-s.png
44,public/assets/Images/alp-cave_trolls-b-s.png
45,public/assets/Images/alp-pudge_butcher-b-s.png
46,public/assets/Images/alp-mountain_giant-b-s.png
47,public/assets/Images/alp-stone_gaze_gorgons-b-s.png
48,public/assets/Images/alp-wraetannis_titan-b-s.png
49,public/assets/Images/alp-overpower-b-s.png
50,public/assets/Images/alp-bury-b-s.png
51,public/assets/Images/alp-earthquake-b-s.png
52,public/assets/Images/alp-entangle_terrain-b-s.png
53,public/assets/Images/alp-craterize-b-s.png
54,public/assets/Images/alp-siege_ballista-b-s.png
55,public/assets/Images/alp-screaming_skull-b-s.png
56,public/assets/Images/alp-spear_of_destiny-b-s.png
57,public/assets/Images/alp-rustic_village-b-s.png
58,public/assets/Images/alp-humble_village-b-s.png
59,public/assets/Images/alp-simple_village-b-s.png
60,public/assets/Images/alp-holy_ground-b-s.png
61,public/assets/Images/alp-vantage_hills-b-s.png
62,public/assets/Images/alp-quagmire-b-s.png
63,public/assets/Images/alp-ancient_dragon-b-s.png
64,public/assets/Images/alp-colicky_dragonettes-b-s.png
65,public/assets/Images/alp-incinerate-b-s.png
66,public/assets/Images/alp-firebolts-b-s.png
67,public/assets/Images/alp-heat_ray-b-s.png
68,public/assets/Images/alp-fireball-b-s.png
69,public/assets/Images/alp-minor_explosion-b-s.png
70,public/assets/Images/alp-major_explosion-b-s.png
71,public/assets/Images/alp-wildfire-b-s.png
72,public/assets/Images/alp-blaze-b-s.png
73,public/assets/Images/alp-quarrelsome_kobolds-b-s.png
74,public/assets/Images/alp-sacred_scarabs-b-s.png
75,public/assets/Images/alp-raal_dromedary-b-s.png
76,public/assets/Images/alp-pit_vipers-b-s.png
77,public/assets/Images/alp-ogre_goons-b-s.png
78,public/assets/Images/alp-clamor_of_harpies-b-s.png
79,public/assets/Images/alp-hillock_basilisk-b-s.png
80,public/assets/Images/alp-bull_demons_of_adum-b-s.png
81,public/assets/Images/alp-petrosian_cavalry-b-s.png
82,public/assets/Images/alp-rimland_nomads-b-s.png
83,public/assets/Images/alp-wayfaring_pilgrim-b-s.png
84,public/assets/Images/alp-doomsday_prophet-b-s.png
85,public/assets/Images/alp-sand_worm-b-s.png
86,public/assets/Images/alp-wills_o_the_wisp-b-s.png
87,public/assets/Images/alp-infernal_legion-b-s.png
88,public/assets/Images/alp-drums_of_doom-b-s.png
89,public/assets/Images/alp-red_desert-b-s.png
90,public/assets/Images/alp-remote_desert-b-s.png
91,public/assets/Images/alp-arid_desert-b-s.png
92,public/assets/Images/alp-shifting_sands-b-s.png
93,public/assets/Images/alp-standing_stones-b-s.png
94,public/assets/Images/alp-river_of_flame-b-s.png
95,public/assets/Images/alp-cornerstone-b-s.png
96,public/assets/Images/alp-vesuvius-b-s.png
97,public/assets/Images/alp-diluvian_kraken-b-s.png
98,public/assets/Images/alp-unland_angler-b-s.png
99,public/assets/Images/alp-guile_sirens-b-s.png
100,public/assets/Images/alp-tide_naiads-b-s.png
101,public/assets/Images/alp-deep_sea_mermaids-b-s.png
102,public/assets/Images/alp-anui_undine-b-s.png
103,public/assets/Images/alp-mother_nature-b-s.png
104,public/assets/Images/alp-swan_maidens-b-s.png
105,public/assets/Images/alp-swamp_buffalo-b-s.png
106,public/assets/Images/alp-coral_reef_kelpie-b-s.png
107,public/assets/Images/alp-polar_bears-b-s.png
108,public/assets/Images/alp-sedge_crabs-b-s.png
109,public/assets/Images/alp-megamoeba-b-s.png
110,public/assets/Images/alp-brobdingnag_bullfrog-b-s.png
111,public/assets/Images/alp-sea_serpent-b-s.png
112,public/assets/Images/alp-pirate_ship-b-s.png
113,public/assets/Images/alp-marine_voyage-b-s.png
114,public/assets/Images/alp-dodge_roll-b-s.png
115,public/assets/Images/alp-drown-b-s.png
116,public/assets/Images/alp-frost_nova-b-s.png
117,public/assets/Images/alp-ice_lance-b-s.png
118,public/assets/Images/alp-riptide-b-s.png
119,public/assets/Images/alp-upwelling-b-s.png
120,public/assets/Images/alp-flood-b-s.png
121,public/assets/Images/alp-wrath_of_the_sea-b-s.png
122,public/assets/Images/alp-sunken_treasure-b-s.png
123,public/assets/Images/alp-spring_river-b-s.png
124,public/assets/Images/alp-summer_river-b-s.png
125,public/assets/Images/alp-autumn_river-b-s.png
126,public/assets/Images/alp-undertow-b-s.png
127,public/assets/Images/alp-floodplain-b-s.png
128,public/assets/Images/alp-island_leviathan-b-s.png
129,public/assets/Images/alp-maelstrom-b-s.png
130,public/assets/Images/alp-tadpole_pool-b-s.png
131,public/assets/Images/alp-lava_salamander-b-s.png
132,public/assets/Images/alp-askelon_phoenix-b-s.png
133,public/assets/Images/alp-escyllion_cyclops-b-s.png
134,public/assets/Images/alp-mad_dash-b-s.png
135,public/assets/Images/alp-cone_of_flame-b-s.png
136,public/assets/Images/alp-lucky_charm-b-s.png
137,public/assets/Images/alp-dead_of_night_demon-b-s.png
138,public/assets/Images/alp-teleport-b-s.png
139,public/assets/Images/alp-raise_dead-b-s.png
140,public/assets/Images/alp-planar_gate-b-s.png
141,public/assets/Images/alp-highland_clansmen-b-s.png
142,public/assets/Images/alp-tufted_turtles-b-s.png
143,public/assets/Images/alp-stormy_seas-b-s.png
144,public/assets/Images/alp-seirawan_hydra-b-s.png
145,public/assets/Images/alp-porcupine_pufferfish-b-s.png
146,public/assets/Images/alp-mariners_curse-b-s.png
147,public/assets/Images/alp-font_of_life-b-s.png
148,public/assets/Images/alp-slumbering_giantess-b-s.png
149,public/assets/Images/alp-sinkhole-b-s.png
150,public/assets/Images/alp-rolling_boulder-b-s.png
151,public/assets/Images/alp-payload_trebuchet-b-s.png
152,public/assets/Images/alp-divine_healing-b-s.png
153,public/assets/Images/alp-dalcean_phalanx-b-s.png
154,public/assets/Images/alp-cave_in-b-s.png
155,public/assets/Images/alp-border_militia-b-s.png
156,public/assets/Images/alp-bedrock-b-s.png
157,public/assets/Images/got-flame_of_the_first_ones-b-s.png
158,public/assets/Images/got-makeshift_barricade-b-s.png
159,public/assets/Images/got-eltham_townsfolk-b-s.png
160,public/assets/Images/got-revered_revenant-b-s.png
161,public/assets/Images/got-serava_townsfolk-b-s.png
162,public/assets/Images/got-town_priest-b-s.png
163,public/assets/Images/got-angel_ascendant-b-s.png
164,public/assets/Images/got-muddy_pigs-b-s.png
165,public/assets/Images/got-survivors_of_serava-b-s.png
166,public/assets/Images/got-virgin_in_prayer-b-s.png
167,public/assets/Images/got-mayor_of_milborne-b-s.png
168,public/assets/Images/got-nightwatchmen-b-s.png
169,public/assets/Images/got-order_of_the_white_wing-b-s.png
170,public/assets/Images/got-rowdy_boys-b-s.png
171,public/assets/Images/got-search_party-b-s.png
172,public/assets/Images/got-guardian_angel-b-s.png
173,public/assets/Images/got-monks_of_kobalsa-b-s.png
174,public/assets/Images/got-weathered_trunks-b-s.png
175,public/assets/Images/got-faith_incarnate-b-s.png
176,public/assets/Images/got-malakhim-b-s.png
177,public/assets/Images/got-enduring_faith-b-s.png
178,public/assets/Images/got-wave_of_eviction-b-s.png
179,public/assets/Images/got-baptize-b-s.png
180,public/assets/Images/got-divine_lance-b-s.png
181,public/assets/Images/got-holy_nova-b-s.png
182,public/assets/Images/got-smite-b-s.png
183,public/assets/Images/got-golden_dawn-b-s.png
184,public/assets/Images/got-algae_bloom-b-s.png
185,public/assets/Images/got-autumn_bloom-b-s.png
186,public/assets/Images/got-blessed_village-b-s.png
187,public/assets/Images/got-blessed_well-b-s.png
188,public/assets/Images/got-consecrated_ground-b-s.png
189,public/assets/Images/got-fertile_earth-b-s.png
190,public/assets/Images/got-forlorn_keep-b-s.png
191,public/assets/Images/got-mudslide-b-s.png
192,public/assets/Images/pro-stream-dk-s.png
193,public/assets/Images/got-troubled_town-b-s.png
194,public/assets/Images/pro-valley-dk-s.png
195,public/assets/Images/got-holy_water-b-s.png
196,public/assets/Images/got-blade_of_thorns-b-s.png
197,public/assets/Images/got-peacemaker_arbalest-b-s.png
198,public/assets/Images/got-one_shot_wizard-b-s.png
199,public/assets/Images/got-flagellant-b-s.png
200,public/assets/Images/got-flaming_skull-b-s.png
201,public/assets/Images/got-holy_warrior-b-s.png
202,public/assets/Images/got-kissers_of_wounds-b-s.png
203,public/assets/Images/got-lesser_blood_demon-b-s.png
204,public/assets/Images/got-redmane_hyena-b-s.png
205,public/assets/Images/got-wild_fanatic-b-s.png
206,public/assets/Images/got-intrepid_hero-b-s.png
207,public/assets/Images/got-martyrs_of_tomorrow-b-s.png
208,public/assets/Images/got-mazuj_ifrit-b-s.png
209,public/assets/Images/got-angry_mob-b-s.png
210,public/assets/Images/got-fallen_angel-b-s.png
211,public/assets/Images/got-flayer-b-s.png
212,public/assets/Images/got-greater_blood_demon-b-s.png
213,public/assets/Images/got-shackled_demon-b-s.png
214,public/assets/Images/got-zeppelin_of_zealots-b-s.png
215,public/assets/Images/got-cherubim-b-s.png
216,public/assets/Images/got-undesirables-b-s.png
217,public/assets/Images/got-bind_evil-b-s.png
218,public/assets/Images/got-blaze_of_glory-b-s.png
219,public/assets/Images/got-flame_strike-b-s.png
220,public/assets/Images/got-lash-b-s.png
221,public/assets/Images/got-trial_by_fire-b-s.png
222,public/assets/Images/got-wreathed_in_righteousness-b-s.png
223,public/assets/Images/got-release_the_hounds-b-s.png
224,public/assets/Images/got-active_volcano-b-s.png
225,public/assets/Images/got-desert_bloom-b-s.png
226,public/assets/Images/got-hillside_chapel-b-s.png
227,public/assets/Images/got-molten_maar-b-s.png
228,public/assets/Images/got-purgatory-b-s.png
229,public/assets/Images/got-road_to_perdition-b-s.png
230,public/assets/Images/got-vast_desert-b-s.png
231,public/assets/Images/pro-wasteland-dk-s.png
232,public/assets/Images/got-falling_star-b-s.png
233,public/assets/Images/got-aaj_kegon_ghost_crabs-b-s.png
234,public/assets/Images/got-forsaken-b-s.png
235,public/assets/Images/got-sea_witch-b-s.png
236,public/assets/Images/got-static_servant-b-s.png
237,public/assets/Images/got-willing_tribute-b-s.png
238,public/assets/Images/got-mesmer_demon-b-s.png
239,public/assets/Images/got-nommo_monitor-b-s.png
240,public/assets/Images/got-bound_spirit-b-s.png
241,public/assets/Images/got-frozen_horror-b-s.png
242,public/assets/Images/got-lacuna_entity-b-s.png
243,public/assets/Images/got-regurgitator-b-s.png
244,public/assets/Images/got-slimy_mutants-b-s.png
245,public/assets/Images/got-gnarled_wendigo-b-s.png
246,public/assets/Images/got-hearkening_kraken-b-s.png
247,public/assets/Images/got-shoggoth-b-s.png
248,public/assets/Images/got-dormant_monstrosity-b-s.png
249,public/assets/Images/got-ten_tonne_slug-b-s.png
250,public/assets/Images/got-yog_sothoth-b-s.png
251,public/assets/Images/got-gift_of_the_frog-b-s.png
252,public/assets/Images/got-ice_shards-b-s.png
253,public/assets/Images/got-monstermorphosis-b-s.png
254,public/assets/Images/pro-swap-op-s.png
255,public/assets/Images/got-abyssal_assault-b-s.png
256,public/assets/Images/got-into_the_abyss-b-s.png
257,public/assets/Images/got-call_of_the_sea-b-s.png
258,public/assets/Images/got-accursed_tower-b-s.png
259,public/assets/Images/got-croaking_swamp-b-s.png
260,public/assets/Images/got-dark_alley-b-s.png
261,public/assets/Images/got-deep_sea-b-s.png
262,public/assets/Images/got-den_of_evil-b-s.png
263,public/assets/Images/got-elder_ruins-b-s.png
264,public/assets/Images/got-peculiar_port-b-s.png
265,public/assets/Images/pro-spire-dk-s.png
266,public/assets/Images/got-stinging_kelp-b-s.png
267,public/assets/Images/got-twilight_bloom-b-s.png
268,public/assets/Images/got-horrible_hybrids-b-s.png
269,public/assets/Images/got-necromancer-b-s.png
270,public/assets/Images/got-panpipes_of_pnom-b-s.png
271,public/assets/Images/got-corpse_catapult-b-s.png
272,public/assets/Images/got-bone_jumble-b-s.png
273,public/assets/Images/got-fowl_bones-b-s.png
274,public/assets/Images/got-bitter_departed-b-s.png
275,public/assets/Images/got-ignited-b-s.png
276,public/assets/Images/got-novice_necromancer-b-s.png
277,public/assets/Images/got-noxious_corpse-b-s.png
278,public/assets/Images/got-khamaseen_mummy-b-s.png
279,public/assets/Images/got-order_of_the_pale_worm-b-s.png
280,public/assets/Images/got-screamer-b-s.png
281,public/assets/Images/got-snallygaster-b-s.png
282,public/assets/Images/got-stygian_archers-b-s.png
283,public/assets/Images/got-hotwheel-b-s.png
284,public/assets/Images/got-dreadwing-b-s.png
285,public/assets/Images/got-master_necromancer-b-s.png
286,public/assets/Images/got-vesper_swarm-b-s.png
287,public/assets/Images/got-those_who_linger-b-s.png
288,public/assets/Images/got-draconian_bonekite-b-s.png
289,public/assets/Images/got-stitched_abomination-b-s.png
290,public/assets/Images/got-bone_spear-b-s.png
291,public/assets/Images/got-detonate-b-s.png
292,public/assets/Images/got-carrionette-b-s.png
293,public/assets/Images/got-kiss_of_death-b-s.png
294,public/assets/Images/got-witching_hour-b-s.png
295,public/assets/Images/got-necronomiconcert-b-s.png
296,public/assets/Images/got-accursed_desert-b-s.png
297,public/assets/Images/got-darkest_dungeon-b-s.png
298,public/assets/Images/got-dread_thicket-b-s.png
299,public/assets/Images/got-forsaken_crypt-b-s.png
300,public/assets/Images/got-open_mausoleum-b-s.png
301,public/assets/Images/got-sold_out_cemetery-b-s.png
